client_id,cid,client_name,client_description
1,amac,american manufacturur abal co.,Lorem Ipsum Indt aastrud Lorem Ipsum Indt aastrud Lorem Ipsum Indt aastrud Lorem Ipsum Indt aastrud Lorem Ipsum Indt aastrud Lorem Ipsum Indt aastrud Lorem Ipsum Indt aastrud Lorem Ipsum Indt aastrud Lorem Ipsum Indt aastrud 
2,SEFC,Sylhet Executive Faltu Bank,Lorem Ipsum Indt aastrud Lorem Ipsum Indt aastrud Lorem Ipsum Indt aastrud Lorem Ipsum Indt aastrud Lorem Ipsum Indt aastrud Lorem Ipsum Indt aastrud Lorem Ipsum Indt aastrud Lorem Ipsum Indt aastrud Lorem Ipsum Indt aastrud 
3,necu,this is a faltu bank,hellow world
4,amac,american manufacturur abal co.,Lorem Ipsum Indt aastrud Lorem Ipsum Indt aastrud Lorem Ipsum Indt aastrud Lorem Ipsum Indt aastrud Lorem Ipsum Indt aastrud Lorem Ipsum Indt aastrud Lorem Ipsum Indt aastrud Lorem Ipsum Indt aastrud Lorem Ipsum Indt aastrud 
5,amac,american manufacturur abal co.,Lorem Ipsum Indt aastrud Lorem Ipsum Indt aastrud Lorem Ipsum Indt aastrud Lorem Ipsum Indt aastrud Lorem Ipsum Indt aastrud Lorem Ipsum Indt aastrud Lorem Ipsum Indt aastrud Lorem Ipsum Indt aastrud Lorem Ipsum Indt aastrud 
6,amac,american manufacturur abal co.,Lorem Ipsum Indt aastrud Lorem Ipsum Indt aastrud Lorem Ipsum Indt aastrud Lorem Ipsum Indt aastrud Lorem Ipsum Indt aastrud Lorem Ipsum Indt aastrud Lorem Ipsum Indt aastrud Lorem Ipsum Indt aastrud Lorem Ipsum Indt aastrud 
7,amac,american manufacturur abal co.,Lorem Ipsum Indt aastrud Lorem Ipsum Indt aastrud Lorem Ipsum Indt aastrud Lorem Ipsum Indt aastrud Lorem Ipsum Indt aastrud Lorem Ipsum Indt aastrud Lorem Ipsum Indt aastrud Lorem Ipsum Indt aastrud Lorem Ipsum Indt aastrud 
8,amac,american manufacturur abal co.,Lorem Ipsum Indt aastrud Lorem Ipsum Indt aastrud Lorem Ipsum Indt aastrud Lorem Ipsum Indt aastrud Lorem Ipsum Indt aastrud Lorem Ipsum Indt aastrud Lorem Ipsum Indt aastrud Lorem Ipsum Indt aastrud Lorem Ipsum Indt aastrud 
9,amac,american manufacturur abal co.,Lorem Ipsum Indt aastrud Lorem Ipsum Indt aastrud Lorem Ipsum Indt aastrud Lorem Ipsum Indt aastrud Lorem Ipsum Indt aastrud Lorem Ipsum Indt aastrud Lorem Ipsum Indt aastrud Lorem Ipsum Indt aastrud Lorem Ipsum Indt aastrud 
10,amac,american manufacturur abal co.,Lorem Ipsum Indt aastrud Lorem Ipsum Indt aastrud Lorem Ipsum Indt aastrud Lorem Ipsum Indt aastrud Lorem Ipsum Indt aastrud Lorem Ipsum Indt aastrud Lorem Ipsum Indt aastrud Lorem Ipsum Indt aastrud Lorem Ipsum Indt aastrud 
11,amac,american manufacturur abal co.,Lorem Ipsum Indt aastrud Lorem Ipsum Indt aastrud Lorem Ipsum Indt aastrud Lorem Ipsum Indt aastrud Lorem Ipsum Indt aastrud Lorem Ipsum Indt aastrud Lorem Ipsum Indt aastrud Lorem Ipsum Indt aastrud Lorem Ipsum Indt aastrud 
12,amac,american manufacturur abal co.,Lorem Ipsum Indt aastrud Lorem Ipsum Indt aastrud Lorem Ipsum Indt aastrud Lorem Ipsum Indt aastrud Lorem Ipsum Indt aastrud Lorem Ipsum Indt aastrud Lorem Ipsum Indt aastrud Lorem Ipsum Indt aastrud Lorem Ipsum Indt aastrud 
13,amac,american manufacturur abal co.,Lorem Ipsum Indt aastrud Lorem Ipsum Indt aastrud Lorem Ipsum Indt aastrud Lorem Ipsum Indt aastrud Lorem Ipsum Indt aastrud Lorem Ipsum Indt aastrud Lorem Ipsum Indt aastrud Lorem Ipsum Indt aastrud Lorem Ipsum Indt aastrud 
14,amac,american manufacturur abal co.,Lorem Ipsum Indt aastrud Lorem Ipsum Indt aastrud Lorem Ipsum Indt aastrud Lorem Ipsum Indt aastrud Lorem Ipsum Indt aastrud Lorem Ipsum Indt aastrud Lorem Ipsum Indt aastrud Lorem Ipsum Indt aastrud Lorem Ipsum Indt aastrud 